<add>
 <doc>
  <field name="id">1</field>
  <field name="title">Solr 4.0 cookbook</field>
 </doc>
 <doc>
  <field name="id">2</field>
  <field name="title">Solr 3.1 cookbook</field>
 </doc>
 <doc>
  <field name="id">3</field>
  <field name="title">ElasticSearch Server</field>
 </doc>
 <doc>
  <field name="id">4</field>
  <field name="title">Mastering Elasticsearch</field>
 </doc>
 <doc>
  <field name="id">5</field>
  <field name="title">Elasticsearch Server Second Edition</field>
 </doc>
</add>
