<?xml version="1.0" encoding="UTF-8" ?>
<schema name="stemming" version="1.5">
  <field name="id" type="string" indexed="true" stored="true" required="true" />
  <field name="name" type="string" indexed="true" stored="true" />
  <field name="description" type="text_stem" indexed="true" stored="true" />
  <field name="_version_" type="long" indexed="true" stored="true"/>
  
  <uniqueKey>id</uniqueKey>

  <fieldType name="string" class="solr.StrField" sortMissingLast="true" />
  <fieldType name="boolean" class="solr.BoolField" sortMissingLast="true"/>
  <fieldType name="int" class="solr.TrieIntField" precisionStep="0" positionIncrementGap="0"/>
  <fieldType name="float" class="solr.TrieFloatField" precisionStep="0" positionIncrementGap="0"/>
  <fieldType name="long" class="solr.TrieLongField" precisionStep="0" positionIncrementGap="0"/>
  <fieldType name="double" class="solr.TrieDoubleField" precisionStep="0" positionIncrementGap="0"/>
  <fieldType name="tint" class="solr.TrieIntField" precisionStep="8" positionIncrementGap="0"/>
  <fieldType name="tfloat" class="solr.TrieFloatField" precisionStep="8" positionIncrementGap="0"/>
  <fieldType name="tlong" class="solr.TrieLongField" precisionStep="8" positionIncrementGap="0"/>
  <fieldType name="tdouble" class="solr.TrieDoubleField" precisionStep="8" positionIncrementGap="0"/>
  <fieldType name="date" class="solr.TrieDateField" precisionStep="0" positionIncrementGap="0"/>
  <fieldType name="tdate" class="solr.TrieDateField" precisionStep="6" positionIncrementGap="0"/>
  <fieldtype name="binary" class="solr.BinaryField"/>
  <fieldType name="random" class="solr.RandomSortField" indexed="true" />

  <fieldType name="text_stem" class="solr.TextField">
   <analyzer>	
    <tokenizer class="solr.WhitespaceTokenizerFactory"/>
    <filter class="solr.SnowballPorterFilterFactory" />
   </analyzer>
  </fieldType>

</schema>
