<add>
 <doc>
  <field name="id">1</field>
  <field name="title">Apache Solr 3.1 Cookbook</field>
  <field name="author">Rafał Kuć</field>
 </doc>
 <doc>
  <field name="id">2</field>
  <field name="title">Apache Solr 4.0 Cookbook</field>
  <field name="author">Rafał Kuć</field>
 </doc>
 <doc>
  <field name="id">3</field>
  <field name="title">Elasticsearch Server book</field>
  <field name="author">Rafał Kuć</field>
  <field name="author">Marek Rogoziński</field>
 </doc>
</add>