<?xml version="1.0" encoding="UTF-8" ?>
<config>
  <luceneMatchVersion>4.10</luceneMatchVersion>
  <dataDir>${solr.data.dir:}</dataDir>

  <directoryFactory name="DirectoryFactory" 
                    class="${solr.directoryFactory:solr.NRTCachingDirectoryFactory}">
    <str name="solr.hdfs.home">${solr.hdfs.home:}</str>
    <str name="solr.hdfs.confdir">${solr.hdfs.confdir:}</str>
    <str name="solr.hdfs.blockcache.enabled">${solr.hdfs.blockcache.enabled:true}</str>
    <str name="solr.hdfs.blockcache.global">${solr.hdfs.blockcache.global:true}</str>
  </directoryFactory> 

  <codecFactory class="solr.SchemaCodecFactory"/>
  <schemaFactory class="ClassicIndexSchemaFactory"/>

  <indexConfig>
    <lockType>${solr.lock.type:native}</lockType>
    <infoStream>true</infoStream>
  </indexConfig>

  <jmx />
  
  <updateHandler class="solr.DirectUpdateHandler2">
    <updateLog>
      <str name="dir">${solr.ulog.dir:}</str>
    </updateLog>

    <autoCommit> 
      <maxTime>${solr.autoCommit.maxTime:15000}</maxTime> 
      <openSearcher>false</openSearcher> 
    </autoCommit>

    <autoSoftCommit> 
      <maxTime>${solr.autoSoftCommit.maxTime:-1}</maxTime> 
    </autoSoftCommit>
  </updateHandler>
 
  <query>
    <maxBooleanClauses>1024</maxBooleanClauses>

    <filterCache class="solr.FastLRUCache"
                 size="512"
                 initialSize="512"
                 autowarmCount="0"/>

    <queryResultCache class="solr.LRUCache"
                     size="512"
                     initialSize="512"
                     autowarmCount="0"/>
   
    <documentCache class="solr.LRUCache"
                   size="512"
                   initialSize="512"
                   autowarmCount="0"/>

    <enableLazyFieldLoading>true</enableLazyFieldLoading>
    <queryResultWindowSize>20</queryResultWindowSize>
    <queryResultMaxDocsCached>200</queryResultMaxDocsCached>

    <listener event="newSearcher" class="solr.QuerySenderListener">
      <arr name="queries">
      </arr>
    </listener>
    <listener event="firstSearcher" class="solr.QuerySenderListener">
      <arr name="queries">
      </arr>
    </listener>
    
    <useColdSearcher>false</useColdSearcher>
    <maxWarmingSearchers>2</maxWarmingSearchers>
  </query>

  <requestDispatcher handleSelect="false" >
    <requestParsers enableRemoteStreaming="true" 
                    multipartUploadLimitInKB="2048000"
                    formdataUploadLimitInKB="2048"
                    addHttpRequestToContext="false"/>
    <httpCaching never304="true" />
  </requestDispatcher>

  <requestHandler name="/select" class="solr.SearchHandler">
     <lst name="defaults">
       <str name="echoParams">explicit</str>
       <int name="rows">10</int>
       <str name="df">name</str>
     </lst>
  </requestHandler>

  <requestHandler name="/get" class="solr.RealTimeGetHandler">
     <lst name="defaults">
       <str name="omitHeader">true</str>
       <str name="wt">json</str>
       <str name="indent">true</str>
     </lst>
  </requestHandler>
  
  <searchComponent name="spellcheck" class="solr.SpellCheckComponent">
   <str name="queryAnalyzerFieldType">name</str>
   <lst name="spellchecker">
    <str name="name">direct</str>
    <str name="field">name</str>
    <str name="classname">solr.DirectSolrSpellChecker</str>
    <str name="buildOnCommit">true</str>
   </lst>
  </searchComponent>

  <requestHandler name="/spell" class="solr.SearchHandler">
   <lst name="defaults">
    <str name="df">name</str>
    <str name="spellcheck.dictionary">direct</str>
    <str name="spellcheck">on</str>
    <str name="spellcheck.collate">true</str>
   </lst>
   <arr name="last-components">
    <str>spellcheck</str>
   </arr>
  </requestHandler>

  <requestHandler name="/update" class="solr.UpdateRequestHandler">
  </requestHandler>

  <requestHandler name="/update/json" class="solr.UpdateRequestHandler">
    <lst name="defaults">
      <str name="stream.contentType">application/json</str>
    </lst>
  </requestHandler>
  <requestHandler name="/update/csv" class="solr.UpdateRequestHandler">
    <lst name="defaults">
      <str name="stream.contentType">application/csv</str>
    </lst>
  </requestHandler>

  <requestHandler name="/analysis/field" 
                  startup="lazy"
                  class="solr.FieldAnalysisRequestHandler" />

  <requestHandler name="/analysis/document" 
                  class="solr.DocumentAnalysisRequestHandler" 
                  startup="lazy" />

  <requestHandler name="/admin/" 
                  class="solr.admin.AdminHandlers" />
  
  <requestHandler name="/admin/ping" class="solr.PingRequestHandler">
    <lst name="invariants">
      <str name="q">solrpingquery</str>
    </lst>
    <lst name="defaults">
      <str name="echoParams">all</str>
    </lst>
  </requestHandler>

  <requestHandler name="/debug/dump" class="solr.DumpRequestHandler" >
    <lst name="defaults">
     <str name="echoParams">explicit</str> 
     <str name="echoHandler">true</str>
    </lst>
  </requestHandler>
  
  <requestHandler name="/replication" class="solr.ReplicationHandler" > 
  </requestHandler>

  <updateRequestProcessorChain default="true">
    <processor class="solr.processor.DocExpirationUpdateProcessorFactory">
      <int name="autoDeletePeriodSeconds">10</int>
      <str name="expirationFieldName">expiration_time</str>
    </processor>
    <processor class="solr.LogUpdateProcessorFactory" />
    <processor class="solr.RunUpdateProcessorFactory" />
  </updateRequestProcessorChain>

  <queryResponseWriter name="json" class="solr.JSONResponseWriter">
    <str name="content-type">text/plain; charset=UTF-8</str>
  </queryResponseWriter>
  
  <admin>
    <defaultQuery>*:*</defaultQuery>
  </admin>
</config>
