<?xml version="1.0" encoding="UTF-8" ?>
<schema name="high_indexing_use_cases" version="1.5">
 <field name="id" type="string" indexed="true" stored="true" required="true" multiValued="false" /> 
 <field name="title" type="text_general" indexed="true" stored="true"/> 
 <field name="all" type="text_general" indexed="true" stored="true" multiValued="true"/>
 <field name="_version_" type="long" indexed="true" stored="true"/>
 <uniqueKey>id</uniqueKey>
 
 <fieldType name="string" class="solr.StrField" sortMissingLast="true" />
 <fieldType name="boolean" class="solr.BoolField" sortMissingLast="true"/>
 <fieldType name="int" class="solr.TrieIntField" precisionStep="0" positionIncrementGap="0"/>
 <fieldType name="float" class="solr.TrieFloatField" precisionStep="0" positionIncrementGap="0"/>
 <fieldType name="long" class="solr.TrieLongField" precisionStep="0" positionIncrementGap="0"/>
 <fieldType name="double" class="solr.TrieDoubleField" precisionStep="0" positionIncrementGap="0"/>
 <fieldType name="tint" class="solr.TrieIntField" precisionStep="8" positionIncrementGap="0"/>
 <fieldType name="tfloat" class="solr.TrieFloatField" precisionStep="8" positionIncrementGap="0"/>
 <fieldType name="tlong" class="solr.TrieLongField" precisionStep="8" positionIncrementGap="0"/>
 <fieldType name="tdouble" class="solr.TrieDoubleField" precisionStep="8" positionIncrementGap="0"/>
 <fieldType name="date" class="solr.TrieDateField" precisionStep="0" positionIncrementGap="0"/>
 <fieldType name="tdate" class="solr.TrieDateField" precisionStep="6" positionIncrementGap="0"/>
 <fieldtype name="binary" class="solr.BinaryField"/>
 <fieldType name="random" class="solr.RandomSortField" indexed="true" />
    
 <fieldType name="text_general" class="solr.TextField" positionIncrementGap="100">
   <analyzer type="index">
     <tokenizer class="solr.StandardTokenizerFactory"/>
     <filter class="solr.LowerCaseFilterFactory"/>
   </analyzer>
   <analyzer type="query">
     <tokenizer class="solr.StandardTokenizerFactory"/>
     <filter class="solr.LowerCaseFilterFactory"/>
   </analyzer>
 </fieldType>
  
</schema>
